"estado_fisico_id";"altura";"imc";"peso"
1;1.55;24.97398543184183;60.0
2;1.75;22.857142857142858;70.0
3;1.85;21.62162162162162;74.0
4;1.65;22.03856749311295;60.0
5;1.55;33.29864724245577;80.0
